,id_,employee_first_name,employee_last_name,date_of_birth,salary,department,max_qualification
0,980,Kaira,Samra,1976-01-01,20000,labours,intermediate
1,218,Vanya,Bhavsar,1990-10-18,20000,labours,intermediate
2,503,Azad,Vora,1985-06-12,20000,labours,intermediate
3,400,Lagan,Tripathi,1973-12-20,20000,labours,intermediate
4,600,Nirvi,Chaudhari,1978-03-19,20000,labours,intermediate
5,101,Aradhya,Kar,1978-02-11,20000,labours,intermediate
6,609,Jivika,Shankar,1988-02-12,20000,labours,intermediate
7,162,Lavanya,Ahuja,1978-12-17,20000,labours,intermediate
8,1135,Nirvaan,Kanda,1986-08-10,20000,labours,intermediate
9,841,Onkar,Shah,1977-09-22,20000,labours,intermediate
10,691,Divij,Rattan,1974-06-02,20000,labours,intermediate
11,937,Anay,Chacko,1980-02-06,20000,labours,intermediate
12,960,Drishya,Dugar,1975-09-11,20000,labours,intermediate
13,1052,Parinaaz,Bhavsar,1974-07-27,20000,labours,intermediate
14,1180,Eshani,Deshmukh,1976-11-09,20000,labours,intermediate
15,294,Anaya,Trivedi,1997-04-04,20000,labours,intermediate
16,366,Kartik,Bhattacharyya,1972-12-05,20000,labours,intermediate
17,779,Miraan,Chopra,1976-04-09,20000,labours,intermediate
18,1090,Miraya,Behl,1994-05-03,20000,labours,intermediate
19,243,Badal,Chauhan,1981-11-20,20000,labours,intermediate
20,1057,Bhavin,Sachar,1971-06-20,20000,labours,intermediate
21,616,Seher,Gill,1972-01-08,20000,labours,intermediate
22,458,Tushar,Badami,1992-01-04,20000,labours,intermediate
23,774,Mannat,Amble,1980-10-15,20000,labours,intermediate
24,333,Aayush,Mand,1995-07-28,20000,labours,intermediate
25,392,Kartik,Swaminathan,1983-11-04,20000,labours,intermediate
26,322,Divit,Chana,1976-08-02,20000,labours,intermediate
27,1058,Anvi,Bir,1972-05-21,20000,labours,intermediate
28,927,Zoya,Mandal,1986-03-06,20000,labours,intermediate
29,362,Dhanush,Bahl,1990-06-14,20000,labours,intermediate
30,1045,Pihu,Yogi,1984-01-16,20000,labours,intermediate
31,523,Divit,Cherian,1971-11-12,20000,labours,intermediate
32,538,Tejas,Barad,1971-07-12,20000,labours,intermediate
33,1062,Indrans,Ghose,1978-08-24,20000,labours,intermediate
34,180,Neysa,Borra,1997-01-27,20000,labours,intermediate
35,549,Ehsaan,Bhardwaj,1976-05-14,20000,labours,intermediate
36,190,Sara,Bhalla,1975-06-10,20000,labours,intermediate
37,468,Dishani,Shroff,1983-02-24,20000,labours,intermediate
38,165,Ehsaan,Chaudry,1981-09-23,20000,labours,intermediate
39,1066,Kanav,Ben,1984-03-27,20000,labours,intermediate
40,377,Samar,Khare,1974-08-12,20000,labours,intermediate
41,954,Nirvi,Kothari,1987-08-17,20000,labours,intermediate
42,810,Tiya,Tank,1972-11-03,20000,labours,intermediate
43,974,Ivana,Edwin,1993-01-12,20000,labours,intermediate
44,342,Eshani,Lad,1983-01-31,20000,labours,intermediate
45,351,Alia,Raval,1987-11-18,20000,labours,intermediate
46,1144,Kiara,Banik,1971-12-03,20000,labours,intermediate
47,867,Anvi,Rana,1997-04-12,20000,labours,intermediate
48,759,Alia,Chacko,1974-06-08,20000,labours,intermediate
49,1065,Miraya,Bhat,1976-07-20,20000,labours,intermediate
50,664,Samiha,Agate,1995-07-06,20000,labours,intermediate
51,1158,Mannat,Zacharia,1971-03-28,20000,labours,intermediate
52,719,Siya,Sarna,1991-05-16,20000,labours,intermediate
53,513,Rohan,Ghose,1971-12-02,20000,labours,intermediate
54,266,Mahika,Vala,1972-07-15,20000,labours,intermediate
55,903,Divij,Chowdhury,1996-12-26,20000,labours,intermediate
56,1010,Manikya,Chana,1979-11-11,20000,labours,intermediate
57,397,Indrajit,Sangha,1970-07-17,20000,labours,intermediate
58,497,Rhea,Som,1970-07-15,20000,labours,intermediate
59,1108,Hansh,Choudhary,1984-06-15,20000,labours,intermediate
60,433,Tanya,Balay,1984-03-20,20000,labours,intermediate
61,455,Armaan,Kulkarni,1972-08-20,20000,labours,intermediate
62,833,Aradhya,Arya,1980-11-04,20000,labours,intermediate
63,696,Samarth,Srinivasan,1976-02-25,20000,labours,intermediate
64,329,Navya,Sarraf,1980-10-23,20000,labours,intermediate
65,271,Jivika,Vora,1993-07-12,20000,labours,intermediate
66,402,Vedika,Bhagat,1986-04-06,20000,labours,intermediate
67,124,Kimaya,Ganguly,1971-05-14,20000,labours,intermediate
68,963,Yashvi,Mallick,1995-11-10,20000,labours,intermediate
69,1160,Seher,Dani,1977-05-02,20000,labours,intermediate
70,968,Hazel,Balasubramanian,1995-11-15,20000,labours,intermediate
71,613,Zaina,Gala,1989-11-18,20000,labours,intermediate
72,732,Inaaya ,Jain,1992-06-25,20000,labours,intermediate
73,269,Diya,Gola,1983-02-15,20000,labours,intermediate
74,884,Jiya,Hegde,1993-04-17,20000,labours,intermediate
75,136,Sana,Deol,1980-04-01,20000,labours,intermediate
76,437,Mishti,Date,1976-06-18,20000,labours,intermediate
77,770,Akarsh,Sagar,1993-11-16,20000,labours,intermediate
78,1114,Ehsaan,Jain,1970-11-06,20000,labours,intermediate
79,1061,Ishita,Kurian,1975-08-24,20000,labours,intermediate
80,576,Kashvi,Majumdar,1980-06-05,20000,labours,intermediate
81,514,Jayesh,Ganesan,1987-03-29,20000,labours,intermediate
82,790,Emir,Sahni,1973-08-01,20000,labours,intermediate
83,740,Neysa,Borra,1994-10-11,20000,labours,intermediate
84,286,Adah,Barad,1980-02-24,20000,labours,intermediate
85,849,Suhana,Halder,1978-05-24,20000,labours,intermediate
86,501,Ira,Buch,1987-11-04,20000,labours,intermediate
87,382,Manjari,Dalal,1977-06-17,20000,labours,intermediate
88,208,Nayantara,Vaidya,1993-03-08,20000,labours,intermediate
89,700,Ojas,Borde,1995-10-02,20000,labours,intermediate
90,627,Khushi,Sanghvi,1982-11-21,20000,labours,intermediate
91,526,Eva,Sarin,1986-08-16,20000,labours,intermediate
92,460,Kashvi,Mandal,1981-03-12,20000,labours,intermediate
93,1179,Divyansh,Agate,1994-12-23,20000,labours,intermediate
94,717,Taran,Chakraborty,1984-09-04,20000,labours,intermediate
95,411,Yakshit,Iyer,1982-10-02,20000,labours,intermediate
96,910,Tushar,Rajagopal,1981-06-01,20000,labours,intermediate
97,978,Ela,Chana,1996-06-13,20000,labours,intermediate
98,102,Yuvaan,Dar,1990-10-31,20000,labours,intermediate
99,527,Mishti,Sharaf,1995-12-23,20000,labours,intermediate
100,355,Misha,Roy,1989-07-03,20000,labours,intermediate
101,622,Lavanya,Chander,1983-12-15,20000,labours,intermediate
102,499,Faiyaz,Banerjee,1988-05-14,20000,labours,intermediate
103,1104,Mehul,Bail,1973-08-21,20000,labours,intermediate
104,1143,Lavanya,Arya,1983-12-31,20000,labours,intermediate
105,261,Ojas,Mahal,1979-12-12,20000,labours,intermediate
106,610,Madhav,Dhar,1983-03-10,20000,labours,intermediate
107,490,Zaina,Setty,1987-06-10,20000,labours,intermediate
108,278,Vardaniya,Sarraf,1991-02-05,20000,labours,intermediate
109,671,Anaya,Barad,1995-03-19,20000,labours,intermediate
110,847,Stuvan,Sehgal,1995-11-19,20000,labours,intermediate
111,407,Vihaan,Gopal,1993-07-12,20000,labours,intermediate
112,496,Inaaya ,Kanda,1973-06-19,20000,labours,intermediate
113,436,Shlok,Kuruvilla,1972-09-12,20000,labours,intermediate
114,107,Azad,Gola,1989-06-15,20000,labours,intermediate
115,688,Ivan,Viswanathan,1975-11-28,20000,labours,intermediate
116,1139,Aayush,Atwal,1976-04-25,20000,labours,intermediate
117,1189,Myra,Comar,1990-11-11,20000,labours,intermediate
118,141,Saanvi,Sekhon,1988-07-19,20000,labours,intermediate
119,1078,Inaaya ,Kaul,1994-07-10,20000,labours,intermediate
120,493,Rasha,Saran,1980-12-15,20000,labours,intermediate
121,809,Ehsaan,Bhargava,1988-04-02,20000,labours,intermediate
122,440,Jhanvi,Ben,1994-12-31,20000,labours,intermediate
123,686,Ojas,Savant,1993-07-01,20000,labours,intermediate
124,1064,Suhana,Amble,1996-05-15,20000,labours,intermediate
125,111,Himmat,Brahmbhatt,1981-06-16,20000,labours,intermediate
126,548,Biju,Chaudry,1983-05-13,20000,labours,intermediate
127,361,Dharmajan,Dhar,1975-03-30,20000,labours,intermediate
128,1074,Tejas,Din,1981-03-17,20000,labours,intermediate
129,151,Lavanya,Bhandari,1990-01-03,20000,labours,intermediate
130,424,Mamooty,Kala,1983-09-04,20000,labours,intermediate
131,1117,Yashvi,Wali,1988-10-02,20000,labours,intermediate
132,674,Umang,Hora,1987-05-14,20000,labours,intermediate
133,661,Taimur,Ganesh,1993-10-25,20000,labours,intermediate
134,1063,Samar,Lanka,1995-09-21,20000,labours,intermediate
135,199,Gatik,Kara,1995-09-27,20000,labours,intermediate
136,689,Jayesh,Shukla,1993-10-06,20000,labours,intermediate
137,170,Hrishita,Butala,1992-09-23,20000,labours,intermediate
138,110,Samar,Sekhon,1971-08-20,20000,labours,intermediate
139,1153,Saksham,Dada,1989-04-27,20000,labours,intermediate
140,385,Heer,Kade,1997-04-15,20000,labours,intermediate
141,785,Rhea,Dayal,1995-06-22,20000,labours,intermediate
142,915,Hansh,Dugal,1996-09-14,20000,labours,intermediate
143,1071,Tejas,Wagle,1986-06-13,20000,labours,intermediate
144,231,Umang,Sankar,1977-11-02,20000,labours,intermediate
145,251,Ishita,Butala,1986-05-31,20000,labours,intermediate
146,221,Nakul,Sethi,1972-02-06,20000,labours,intermediate
147,454,Manikya,Hayer,1983-03-16,20000,labours,intermediate
148,242,Ivan,Ramanathan,1979-04-25,20000,labours,intermediate
149,387,Raghav,Bora,1988-09-17,20000,labours,intermediate
150,483,Shayak,Sibal,1975-12-01,20000,labours,intermediate
151,866,Onkar,Kunda,1984-11-24,20000,labours,intermediate
152,451,Darshit,Shankar,1974-05-24,20000,labours,intermediate
153,637,Aniruddh,Ramakrishnan,1970-08-23,20000,labours,intermediate
154,482,Devansh,Choudhary,1987-06-19,20000,labours,intermediate
155,495,Rohan,Kade,1971-07-11,20000,labours,intermediate
156,258,Anahi,Trivedi,1972-07-04,20000,labours,intermediate
157,326,Neelofar,Bawa,1991-03-13,20000,labours,intermediate
158,525,Jayant,Uppal,1992-10-15,20000,labours,intermediate
159,133,Hridaan,Badal,1983-06-29,20000,labours,intermediate
160,919,Mahika,Kurian,1989-02-24,20000,labours,intermediate
161,920,Nirvi,Batta,1983-07-25,20000,labours,intermediate
162,420,Nitara,Hora,1995-02-02,20000,labours,intermediate
163,1137,Nirvaan,Srinivas,1982-01-20,20000,labours,intermediate
164,203,Riaan,Tailor,1994-04-24,20000,labours,intermediate
165,868,Misha,Kapur,1975-01-31,20000,labours,intermediate
166,441,Mamooty,Rama,1975-09-18,20000,labours,intermediate
167,1073,Nayantara,Doctor,1978-06-17,20000,labours,intermediate
168,481,Devansh,Edwin,1997-01-28,20000,labours,intermediate
169,364,Biju,Badal,1976-01-12,20000,labours,intermediate
170,184,Piya,Sen,1972-03-17,20000,labours,intermediate
171,132,Vivaan,Loke,1981-05-02,20000,labours,intermediate
172,401,Rhea,Sibal,1993-10-11,20000,labours,intermediate
173,713,Ryan,Loke,1995-11-07,20000,labours,intermediate
174,969,Jayant,Chaudry,1984-12-10,20000,labours,intermediate
175,448,Lakshay,Toor,1981-02-01,20000,labours,intermediate
176,1053,Rati,Walia,1991-06-09,20000,labours,intermediate
177,463,Oorja,Lalla,1986-02-24,20000,labours,intermediate
178,1164,Tiya,Wali,1996-10-28,20000,labours,intermediate
179,956,Biju,Vora,1990-01-09,20000,labours,intermediate
180,891,Inaaya ,Kaul,1974-09-22,20000,labours,intermediate
181,479,Samar,Ganguly,1985-01-08,20000,labours,intermediate
182,1167,Indrajit,Bhatt,1993-09-18,20000,labours,intermediate
183,856,Navya,Chandra,1992-09-24,20000,labours,intermediate
184,553,Faiyaz,Bhandari,1989-04-04,20000,labours,intermediate
185,781,Lakshit,Das,1976-07-31,20000,labours,intermediate
186,752,Dhruv,Varughese,1993-05-07,20000,labours,intermediate
187,223,Alisha,Chacko,1987-01-24,20000,labours,intermediate
188,634,Piya,Brahmbhatt,1970-10-24,20000,labours,intermediate
189,477,Gokul,Ratti,1990-06-14,20000,labours,intermediate
190,457,Vritika,Chopra,1982-12-07,20000,labours,intermediate
191,368,Anya,Kakar,1996-08-17,20000,labours,intermediate
192,568,Romil,Dada,1980-05-08,20000,labours,intermediate
193,621,Ranbir,Rau,1996-08-12,20000,labours,intermediate
194,967,Raghav,Balasubramanian,1979-12-14,20000,labours,intermediate
195,861,Ishaan,Dube,1996-10-05,20000,labours,intermediate
196,662,Vihaan,Anand,1981-10-24,20000,labours,intermediate
197,916,Vardaniya,Sachar,1981-04-24,20000,labours,intermediate
198,813,Yuvaan,Sagar,1976-03-15,20000,labours,intermediate
199,580,Adah,Dugal,1991-01-10,20000,labours,intermediate
200,241,Eshani,Tripathi,1985-04-04,20000,labours,intermediate
201,134,Yuvaan,Din,1984-09-13,20000,labours,intermediate
202,607,Krish,Sridhar,1971-08-10,20000,labours,intermediate
203,532,Seher,Gandhi,1980-07-05,20000,labours,intermediate
204,179,Anaya,Bajaj,1989-10-17,20000,labours,intermediate
205,979,Romil,Zachariah,1971-05-13,20000,labours,intermediate
206,798,Diya,Golla,1989-08-09,20000,labours,intermediate
207,1140,Faiyaz,Buch,1975-04-28,20000,labours,intermediate
208,853,Shlok,Tara,1972-10-01,20000,labours,intermediate
209,955,Ayesha,Bal,1988-12-01,20000,labours,intermediate
210,878,Miraan,Tiwari,1971-09-02,20000,labours,intermediate
211,642,Akarsh,Luthra,1981-05-28,20000,labours,intermediate
212,1035,Bhavin,Aurora,1989-04-10,20000,labours,intermediate
213,1138,Ishita,Chaudry,1983-12-19,20000,labours,intermediate
214,504,Sahil,Sheth,1978-07-27,20000,labours,intermediate
215,427,Kiaan,Mahal,1990-06-26,20000,labours,intermediate
216,845,Mohanlal,Vig,1980-05-18,20000,labours,intermediate
217,765,Vritika,Rana,1971-04-15,20000,labours,intermediate
218,612,Inaaya ,Deshmukh,1992-05-24,20000,labours,intermediate
219,305,Yakshit,Viswanathan,1977-10-09,20000,labours,intermediate
220,515,Indranil,Bawa,1984-11-16,20000,labours,intermediate
221,207,Umang,Borde,1992-09-16,20000,labours,intermediate
222,321,Amani,Sehgal,1985-11-18,20000,labours,intermediate
223,219,Vivaan,Varma,1987-03-04,20000,labours,intermediate
224,283,Shalv,Hari,1977-07-13,20000,labours,intermediate
225,1123,Faiyaz,Dubey,1971-06-24,20000,labours,intermediate
226,519,Vedika,Andra,1973-05-03,20000,labours,intermediate
227,1112,Mohanlal,Kapur,1987-10-26,20000,labours,intermediate
228,763,Miraya,Balasubramanian,1970-12-06,20000,labours,intermediate
229,941,Jivika,Sethi,1993-05-11,20000,labours,intermediate
230,1120,Rhea,Rajagopalan,1982-10-15,20000,labours,intermediate
231,522,Anya,Mannan,1984-01-17,20000,labours,intermediate
232,1082,Kashvi,Sahota,1971-05-08,20000,labours,intermediate
233,138,Lagan,Tella,1997-02-27,20000,labours,intermediate
234,130,Nirvaan,Kakar,1978-10-16,20000,labours,intermediate
235,406,Eva,Dugal,1990-02-28,20000,labours,intermediate
236,663,Ojas,Uppal,1992-04-02,20000,labours,intermediate
237,635,Trisha,Dey,1990-01-15,20000,labours,intermediate
238,794,Lagan,Sagar,1979-02-22,20000,labours,intermediate
239,246,Kartik,Madan,1983-08-22,20000,labours,intermediate
240,188,Kanav,Kannan,1976-02-26,20000,labours,intermediate
241,735,Vardaniya,Kant,1996-01-28,20000,labours,intermediate
242,981,Kavya,Savant,1996-11-18,20000,labours,intermediate
243,670,Dhanush,Mann,1974-11-17,20000,labours,intermediate
244,648,Prerak,Mangat,1975-08-03,20000,labours,intermediate
245,166,Nishith,Kota,1992-07-08,20000,labours,intermediate
246,340,Oorja,Tripathi,1971-01-03,20000,labours,intermediate
247,620,Samiha,Sampath,1993-11-21,20000,labours,intermediate
248,171,Siya,Vaidya,1981-12-11,20000,labours,intermediate
249,1036,Lakshit,Borra,1997-05-28,20000,labours,intermediate
250,298,Veer,Issac,1977-04-13,20000,labours,intermediate
251,652,Shray,Ganguly,1988-03-15,20000,labours,intermediate
252,1070,Zoya,Manne,1996-11-24,20000,labours,intermediate
253,470,Nitya,Ratta,1971-08-05,20000,labours,intermediate
254,104,Raghav,Sarma,1997-02-07,20000,labours,intermediate
255,119,Vihaan,Yadav,1990-03-31,20000,labours,intermediate
256,277,Chirag,Tara,1985-05-15,20000,labours,intermediate
257,306,Divij,Hayer,1982-06-10,20000,labours,intermediate
258,766,Indranil,Sharaf,1979-07-08,20000,labours,intermediate
259,256,Samarth,Gala,1978-04-02,20000,labours,intermediate
260,1006,Misha,Soni,1995-07-27,20000,labours,intermediate
261,1043,Emir,Yadav,1990-08-24,20000,labours,intermediate
262,795,Azad,Bal,1981-07-22,20000,labours,intermediate
263,159,Rohan,Bansal,1986-09-25,20000,labours,intermediate
264,975,Rasha,Date,1970-06-28,20000,labours,intermediate
265,1037,Mohanlal,Guha,1979-09-11,20000,labours,intermediate
266,1004,Anahi,Chhabra,1973-09-17,20000,labours,intermediate
267,881,Vihaan,Sodhi,1983-04-07,20000,labours,intermediate
268,1185,Kavya,Varma,1997-01-09,20000,labours,intermediate
269,1106,Riya,Varty,1991-04-01,20000,labours,intermediate
270,577,Neysa,Suri,1982-07-13,20000,labours,intermediate
271,986,Madhav,Deo,1971-07-15,20000,labours,intermediate
272,192,Anya,Zacharia,1980-02-26,20000,labours,intermediate
273,175,Seher,Sibal,1990-01-10,20000,labours,intermediate
274,999,Kabir,Hayre,1974-01-11,20000,labours,intermediate
275,804,Kabir,Boase,1984-05-31,20000,labours,intermediate
276,831,Shamik,Deo,1981-12-04,20000,labours,intermediate
277,606,Alia,Bakshi,1979-04-15,20000,labours,intermediate
278,618,Vihaan,Din,1996-06-28,20000,labours,intermediate
279,325,Ela,Deol,1989-01-03,20000,labours,intermediate
280,161,Prisha,Zacharia,1979-11-04,20000,labours,intermediate
281,887,Anahi,Singhal,1992-06-24,20000,labours,intermediate
282,1147,Gokul,Aggarwal,1993-08-26,20000,labours,intermediate
283,146,Jayesh,Golla,1995-10-05,20000,labours,intermediate
284,201,Stuvan,Gokhale,1972-01-28,20000,labours,intermediate
285,176,Devansh,Dube,1995-02-22,20000,labours,intermediate
286,932,Tushar,Handa,1986-01-30,20000,labours,intermediate
287,123,Madhav,Chad,1992-04-19,20000,labours,intermediate
288,228,Nishith,Sarin,1973-03-29,20000,labours,intermediate
289,494,Aayush,Singhal,1989-09-14,20000,labours,intermediate
290,854,Prisha,Batta,1971-12-12,20000,labours,intermediate
291,1116,Jivin,Sani,1991-08-07,20000,labours,intermediate
292,714,Samar,Saha,1976-06-26,20000,labours,intermediate
293,232,Himmat,Bajwa,1983-05-21,20000,labours,intermediate
294,683,Rati,Mandal,1982-11-21,20000,labours,intermediate
295,823,Nehmat,Saran,1975-11-29,20000,labours,intermediate
296,193,Samaira,Keer,1992-03-08,20000,labours,intermediate
297,905,Shlok,Loyal,1995-03-23,20000,labours,intermediate
298,604,Dishani,Chada,1992-11-04,20000,labours,intermediate
299,311,Rati,Divan,1989-01-19,20000,labours,intermediate
300,605,Stuvan,Majumdar,1980-01-13,20000,labours,intermediate
301,993,Arhaan,Saran,1996-02-28,20000,labours,intermediate
302,991,Kashvi,Swamy,1990-09-06,20000,labours,intermediate
303,1152,Priyansh,Sandal,1971-02-25,20000,labours,intermediate
304,1000,Mahika,Doshi,1996-06-09,20000,labours,intermediate
305,890,Aayush,Seth,1987-05-29,20000,labours,intermediate
306,623,Zaina,Bava,1978-02-08,20000,labours,intermediate
307,643,Aarna,Kumar,1981-12-02,20000,labours,intermediate
308,708,Zaina,Gole,1990-02-16,20000,labours,intermediate
309,574,Shayak,Khanna,1973-10-18,20000,labours,intermediate
310,666,Ayesha,Shere,1974-02-18,20000,labours,intermediate
311,465,Badal,Batta,1990-03-01,20000,labours,intermediate
312,922,Zara,Master,1986-05-21,20000,labours,intermediate
313,889,Adira,Buch,1985-05-26,20000,labours,intermediate
314,105,Yasmin,Chaudhary,1983-07-05,20000,labours,intermediate
315,784,Bhavin,Atwal,1972-08-20,20000,labours,intermediate
316,336,Jayan,Balasubramanian,1989-12-01,20000,labours,intermediate
317,129,Pihu,Dada,1976-07-28,20000,labours,intermediate
318,100,Jiya,Ramanathan,1985-12-31,20000,labours,intermediate
319,546,Pari,Andra,1991-08-20,20000,labours,intermediate
320,1188,Romil,Wable,1990-07-15,20000,labours,intermediate
321,1131,Abram,Chaudhary,1993-02-01,20000,labours,intermediate
322,404,Samarth,Mand,1977-11-02,20000,labours,intermediate
323,946,Biju,Choudhry,1994-02-02,20000,labours,intermediate
324,200,Aayush,Sampath,1984-12-06,20000,labours,intermediate
325,1150,Aarush,Salvi,1981-04-13,20000,labours,intermediate
326,1169,Kashvi,Kala,1994-02-03,20000,labours,intermediate
327,556,Trisha,Date,1973-11-18,20000,labours,intermediate
328,491,Arhaan,Tiwari,1975-01-10,20000,labours,intermediate
329,528,Baiju,Karnik,1986-03-24,20000,labours,intermediate
330,692,Romil,Saxena,1994-01-23,20000,labours,intermediate
331,729,Vedika,Talwar,1995-10-22,20000,labours,intermediate
332,966,Aayush,Gill,1997-05-29,20000,labours,intermediate
333,638,Miraan,Majumdar,1980-02-22,20000,labours,intermediate
334,827,Nakul,Johal,1971-01-24,20000,labours,intermediate
335,644,Piya,Kothari,1975-02-10,20000,labours,intermediate
336,678,Seher,Shetty,1985-02-23,20000,labours,intermediate
337,172,Shaan,Sodhi,1988-05-20,20000,labours,intermediate
338,505,Kavya,Bajwa,1981-10-17,20000,labours,intermediate
339,619,Dhruv,Sandhu,1996-11-11,20000,labours,intermediate
340,990,Zara,Sharma,1971-03-15,20000,labours,intermediate
341,220,Umang,Deep,1976-03-17,20000,labours,intermediate
342,1028,Gatik,Sridhar,1987-12-29,20000,labours,intermediate
343,667,Amani,Sidhu,1985-01-03,20000,labours,intermediate
344,145,Aaina,Borra,1986-10-09,20000,labours,intermediate
345,1166,Chirag,Gole,1990-12-02,20000,labours,intermediate
346,931,Mohanlal,Kumer,1974-05-01,20000,labours,intermediate
347,653,Mannat,Contractor,1994-01-21,20000,labours,intermediate
348,1031,Uthkarsh,Ratti,1986-06-16,20000,labours,intermediate
349,775,Amani,Sabharwal,1972-03-28,20000,labours,intermediate
350,926,Vanya,Balakrishnan,1996-06-12,20000,labours,intermediate
351,1124,Oorja,Sachar,1974-08-31,20000,labours,intermediate
352,893,Advika,Bava,1988-01-27,20000,labours,intermediate
353,289,Kismat,Kant,1988-06-13,20000,labours,intermediate
354,862,Oorja,Choudhury,1970-09-24,20000,labours,intermediate
355,1068,Aarna,Khatri,1980-10-18,20000,labours,intermediate
356,983,Fateh,Raval,1976-11-15,20000,labours,intermediate
357,923,Akarsh,Kashyap,1995-02-20,20000,labours,intermediate
358,478,Dhanuk,Bhakta,1984-12-12,20000,labours,intermediate
359,148,Stuvan,Hayre,1978-07-18,20000,labours,intermediate
360,908,Priyansh,Kaul,1975-04-11,20000,labours,intermediate
361,550,Advik,Lad,1984-12-07,20000,labours,intermediate
362,380,Jiya,Vala,1993-08-29,20000,labours,intermediate
363,724,Anahi,Dutt,1972-06-18,20000,labours,intermediate
364,429,Tiya,Comar,1972-01-31,20000,labours,intermediate
365,877,Anika,Chaudhary,1977-08-25,20000,labours,intermediate
366,824,Pihu,Subramanian,1973-07-19,20000,labours,intermediate
367,764,Shaan,Sinha,1986-09-05,20000,labours,intermediate
368,615,Raunak,Krishnan,1984-05-03,20000,labours,intermediate
369,1087,Riaan,Bala,1974-01-27,20000,labours,intermediate
370,309,Inaaya ,Yadav,1988-09-28,20000,labours,intermediate
371,581,Mehul,Luthra,1985-09-15,20000,labours,intermediate
372,995,Kartik,Som,1988-09-29,20000,labours,intermediate
373,617,Kiara,Ghosh,1989-05-28,20000,labours,intermediate
374,1048,Armaan,Deo,1982-10-03,20000,labours,intermediate
375,348,Nayantara,Chandran,1987-04-12,20000,labours,intermediate
376,743,Stuvan,Balakrishnan,1970-10-25,20000,labours,intermediate
377,858,Renee,Mammen,1993-09-16,20000,labours,intermediate
378,154,Kabir,Dave,1971-11-25,20000,labours,intermediate
379,365,Samarth,Venkataraman,1988-10-21,20000,labours,intermediate
380,1014,Armaan,Dube,1976-10-29,20000,labours,intermediate
381,948,Rati,Sant,1978-12-26,20000,labours,intermediate
382,658,Aayush,Karnik,1974-03-02,20000,labours,intermediate
383,972,Ayesha,Rajagopal,1991-04-12,20000,labours,intermediate
384,1122,Adira,Dhawan,1990-05-24,20000,labours,intermediate
385,756,Veer,Shroff,1979-02-18,20000,labours,intermediate
386,409,Ivana,Basu,1976-02-01,20000,labours,intermediate
387,537,Neelofar,Kaur,1970-12-11,20000,labours,intermediate
388,872,Darshit,Borah,1993-03-16,20000,labours,intermediate
389,131,Misha,Kapoor,1981-09-07,20000,labours,intermediate
390,542,Darshit,Khanna,1973-12-01,20000,labours,intermediate
391,118,Elakshi,Dua,1980-05-23,20000,labours,intermediate
392,467,Aradhya,Jain,1993-06-06,20000,labours,intermediate
393,143,Oorja,Tara,1981-01-14,20000,labours,intermediate
394,307,Mishti,Arora,1976-11-14,20000,labours,intermediate
395,1086,Faiyaz,Aggarwal,1986-01-12,20000,labours,intermediate
396,992,Ehsaan,Chakraborty,1979-03-04,20000,labours,intermediate
397,857,Purab,Bhatti,1992-11-05,20000,labours,intermediate
398,1020,Hazel,Gokhale,1979-04-28,20000,labours,intermediate
399,339,Sahil,Shanker,1989-08-15,20000,labours,intermediate
400,324,Vaibhav,Sarkar,1991-01-17,20000,labours,intermediate
401,822,Vidur,Zacharia,1984-10-09,20000,labours,intermediate
402,819,Aarna,Char,1993-08-18,20000,labours,intermediate
403,430,Darshit,Sidhu,1983-01-06,20000,labours,intermediate
404,137,Pari,Kapur,1991-12-05,20000,labours,intermediate
405,173,Anaya,Karpe,1996-12-03,20000,labours,intermediate
406,730,Eshani,Kata,1989-05-28,20000,labours,intermediate
407,313,Aniruddh,Sarma,1970-12-04,20000,labours,intermediate
408,987,Krish,Gour,1989-04-14,20000,labours,intermediate
409,716,Nirvaan,Lad,1987-03-23,20000,labours,intermediate
410,471,Aayush,Raja,1975-01-19,20000,labours,intermediate
411,489,Aarush,Bala,1976-03-13,20000,labours,intermediate
412,1146,Zain,Anne,1976-06-02,20000,labours,intermediate
413,994,Mohanlal,Verma,1981-01-11,20000,labours,intermediate
414,880,Ahana ,Yadav,1981-11-05,20000,labours,intermediate
415,237,Mamooty,Dada,1986-05-06,20000,labours,intermediate
416,898,Alia,Yogi,1973-03-26,20000,labours,intermediate
417,782,Jiya,Boase,1986-03-13,20000,labours,intermediate
418,1187,Vihaan,Chopra,1986-07-13,20000,labours,intermediate
419,985,Amira,Krishna,1997-03-09,20000,labours,intermediate
420,240,Kavya,Talwar,1993-08-09,20000,labours,intermediate
421,788,Inaaya ,Karnik,1979-06-01,20000,labours,intermediate
422,414,Shayak,Karnik,1984-09-01,20000,labours,intermediate
423,850,Drishya,Sem,1974-01-25,20000,labours,intermediate
424,677,Siya,Ramanathan,1971-12-06,20000,labours,intermediate
425,1034,Shray,Kuruvilla,1980-08-03,20000,labours,intermediate
426,875,Kimaya,Sani,1986-09-06,20000,labours,intermediate
427,1127,Anya,Comar,1989-02-14,20000,labours,intermediate
428,209,Shamik,Sunder,1989-04-28,20000,labours,intermediate
429,585,Amani,Dua,1978-09-02,20000,labours,intermediate
430,1050,Prisha,Kala,1992-11-07,20000,labours,intermediate
431,650,Yakshit,Tiwari,1973-06-30,20000,labours,intermediate
432,290,Aarush,Hayre,1989-10-17,20000,labours,intermediate
433,472,Anay,Dewan,1985-02-04,20000,labours,intermediate
434,128,Yakshit,Dara,1977-03-01,20000,labours,intermediate
435,843,Diya,Magar,1989-05-17,20000,labours,intermediate
436,608,Riaan,Sama,1981-04-17,20000,labours,intermediate
437,415,Stuvan,Sule,1978-03-10,20000,labours,intermediate
438,776,Vihaan,Dugal,1994-02-25,20000,labours,intermediate
439,864,Aaryahi,Iyer,1983-01-06,20000,labours,intermediate
440,480,Vanya,Subramaniam,1993-03-16,20000,labours,intermediate
441,250,Jivin,Mand,1988-11-25,20000,labours,intermediate
442,1105,Priyansh,Dhingra,1988-09-07,20000,labours,intermediate
443,630,Raunak,Kade,1978-07-22,20000,labours,intermediate
444,432,Hiran,Bumb,1975-04-18,20000,labours,intermediate
445,602,Nitya,Dash,1971-04-30,20000,labours,intermediate
446,1075,Darshit,Kar,1993-06-29,20000,labours,intermediate
447,957,Vihaan,Date,1984-11-16,20000,labours,intermediate
448,703,Urvi,Sarkar,1980-05-23,20000,labours,intermediate
449,812,Amira,Dua,1991-01-22,20000,labours,intermediate
450,741,Yuvaan,Sagar,1972-05-22,20000,labours,intermediate
451,558,Tara,Bhargava,1983-05-09,20000,labours,intermediate
452,187,Ahana ,Sachdeva,1991-12-12,20000,labours,intermediate
453,562,Bhavin,Kapur,1971-01-31,20000,labours,intermediate
454,206,Jiya,Bala,1989-10-23,20000,labours,intermediate
455,293,Farhan,Mani,1994-02-11,20000,labours,intermediate
456,645,Adira,Sachdeva,1977-03-23,20000,labours,intermediate
457,178,Jhanvi,Kurian,1971-02-24,20000,labours,intermediate
458,225,Divyansh,Deshpande,1984-07-14,20000,labours,intermediate
459,230,Faiyaz,Raman,1983-11-16,20000,labours,intermediate
460,925,Akarsh,Walia,1988-06-17,20000,labours,intermediate
461,512,Veer,Bobal,1994-05-25,20000,labours,intermediate
462,760,Jivin,Chander,1976-08-20,20000,labours,intermediate
463,787,Jivin,Ranganathan,1971-10-26,20000,labours,intermediate
464,654,Shlok,Divan,1995-12-12,20000,labours,intermediate
465,865,Onkar,Atwal,1996-03-21,20000,labours,intermediate
466,912,Miraya,Bhatia,1981-07-17,20000,labours,intermediate
467,1060,Vedika,Sandal,1975-07-01,20000,labours,intermediate
468,721,Samiha,Bhat,1971-07-15,20000,labours,intermediate
469,1181,Divij,Bose,1996-03-31,20000,labours,intermediate
470,383,Madhav,Bala,1973-01-26,20000,labours,intermediate
471,247,Nehmat,Chatterjee,1972-10-25,20000,labours,intermediate
472,1041,Biju,Agate,1987-03-14,20000,labours,intermediate
473,373,Anika,Vaidya,1977-03-31,20000,labours,intermediate
474,164,Anay,Ravi,1986-08-17,20000,labours,intermediate
475,1092,Ehsaan,Ramaswamy,1985-02-23,20000,labours,intermediate
476,913,Divyansh,Buch,1974-05-27,20000,labours,intermediate
477,186,Vritika,Doctor,1980-02-29,20000,labours,intermediate
478,1177,Yakshit,Gade,1980-02-12,20000,labours,intermediate
479,1151,Hansh,Subramanian,1982-04-22,20000,labours,intermediate
480,892,Mohanlal,Sarkar,1976-06-01,20000,labours,intermediate
481,1119,Yakshit,Lall,1972-04-10,20000,labours,intermediate
482,1165,Sana,Shetty,1997-01-27,20000,labours,intermediate
483,1115,Charvi,Wable,1972-11-30,20000,labours,intermediate
484,685,Hiran,Chandran,1976-02-25,20000,labours,intermediate
485,517,Navya,Lad,1992-04-11,20000,labours,intermediate
486,800,Saanvi,Chand,1995-04-26,20000,labours,intermediate
487,1191,Shamik,Tiwari,1996-01-06,20000,labours,intermediate
488,970,Mahika,Walia,1974-06-17,20000,labours,intermediate
489,488,Purab,Dugar,1985-05-01,20000,labours,intermediate
490,888,Madhav,Kunda,1989-03-10,20000,labours,intermediate
491,334,Samarth,Sani,1972-09-23,20000,labours,intermediate
492,1085,Aarush,Lata,1976-12-22,20000,labours,intermediate
493,1145,Advik,Basu,1978-05-01,20000,labours,intermediate
494,536,Vanya,Buch,1985-06-16,20000,labours,intermediate
495,707,Shray,Ganesan,1987-03-03,20000,labours,intermediate
496,260,Himmat,Chahal,1975-11-09,20000,labours,intermediate
497,817,Divyansh,Bains,1982-04-29,20000,labours,intermediate
498,547,Shaan,Dora,1984-07-22,20000,labours,intermediate
499,390,Kartik,Som,1994-06-03,20000,labours,intermediate
500,337,Madhup,Saraf,1972-08-17,20000,labours,intermediate
501,540,Ivan,Vaidya,1980-03-02,20000,labours,intermediate
502,520,Sahil,Chawla,1981-01-21,20000,labours,intermediate
503,806,Romil,Kata,1987-06-01,20000,labours,intermediate
504,276,Purab,Buch,1974-08-13,20000,labours,intermediate
505,292,Vaibhav,Barman,1990-02-07,20000,labours,intermediate
506,821,Lakshay,Bora,1979-05-28,20000,labours,intermediate
507,778,Nirvi,Saini,1985-03-23,20000,labours,intermediate
508,254,Shray,Karnik,1979-05-07,20000,labours,intermediate
509,958,Arnav,Varty,1982-04-14,20000,labours,intermediate
510,699,Pari,Batta,1976-07-19,20000,labours,intermediate
511,181,Rhea,Gill,1989-02-10,20000,labours,intermediate
512,1025,Abram,Hegde,1979-11-26,20000,labours,intermediate
513,679,Saanvi,Divan,1983-06-08,20000,labours,intermediate
514,506,Akarsh,Uppal,1978-04-28,20000,labours,intermediate
515,1076,Kiaan,Doctor,1984-08-29,20000,labours,intermediate
516,376,Taimur,Guha,1996-10-13,20000,labours,intermediate
517,413,Raghav,Sodhi,1976-07-07,20000,labours,intermediate
518,500,Reyansh,Desai,1975-10-03,20000,labours,intermediate
519,727,Krish,Bajaj,1976-08-12,20000,labours,intermediate
520,768,Kashvi,Bhattacharyya,1994-11-23,20000,labours,intermediate
521,149,Taimur,Wason,1994-05-11,20000,labours,intermediate
522,791,Vihaan,Ramanathan,1996-02-27,20000,labours,intermediate
523,1011,Himmat,Dar,1992-10-03,20000,labours,intermediate
524,1118,Elakshi,Hari,1991-09-17,20000,labours,intermediate
525,698,Myra,Das,1979-03-12,20000,labours,intermediate
526,156,Ishita,Sant,1973-06-05,20000,labours,intermediate
527,425,Gatik,Setty,1982-11-10,20000,labours,intermediate
528,106,Darshit,Kunda,1993-10-14,20000,labours,intermediate
529,239,Kiara,Jayaraman,1977-04-02,20000,labours,intermediate
530,384,Trisha,Mammen,1988-05-13,20000,labours,intermediate
531,222,Nirvaan,Rajagopalan,1972-05-27,20000,labours,intermediate
532,1013,Samarth,Deshmukh,1986-09-02,20000,labours,intermediate
533,815,Vardaniya,Virk,1973-08-12,20000,labours,intermediate
534,1049,Zoya,Wadhwa,1987-12-24,20000,labours,intermediate
535,346,Vedika,Suri,1984-03-19,20000,labours,intermediate
536,372,Abram,Raj,1996-03-02,20000,labours,intermediate
537,443,Kiara,Devi,1974-11-17,20000,labours,intermediate
538,636,Purab,Lanka,1979-03-23,20000,labours,intermediate
539,710,Damini,Devan,1976-04-26,20000,labours,intermediate
540,236,Jayan,Seth,1973-08-20,35000,co-workers,graduation
541,675,Renee,Kothari,1996-05-26,35000,co-workers,graduation
542,976,Shamik,Butala,1993-05-26,35000,co-workers,graduation
543,1081,Shlok,Dhingra,1980-06-26,35000,co-workers,graduation
544,122,Kiaan,Kapoor,1987-01-31,35000,co-workers,graduation
545,720,Damini,Handa,1976-11-18,35000,co-workers,graduation
546,393,Anahita,Sharma,1974-07-14,35000,co-workers,graduation
547,498,Alisha,Bassi,1995-02-23,35000,co-workers,graduation
548,357,Anvi,Comar,1973-12-12,35000,co-workers,graduation
549,792,Kismat,Ramesh,1976-12-10,35000,co-workers,graduation
550,280,Suhana,Rattan,1971-10-04,35000,co-workers,graduation
551,801,Reyansh,Krish,1991-07-09,35000,co-workers,graduation
552,177,Shanaya,Vora,1991-04-14,35000,co-workers,graduation
553,569,Ranbir,Saxena,1991-09-30,35000,co-workers,graduation
554,1163,Vihaan,Sahota,1976-06-02,35000,co-workers,graduation
555,749,Kismat,Mangat,1982-08-10,35000,co-workers,graduation
556,940,Fateh,Chahal,1975-06-04,35000,co-workers,graduation
557,323,Sara,Rajagopalan,1979-04-19,35000,co-workers,graduation
558,704,Sumer,Devan,1973-08-21,35000,co-workers,graduation
559,771,Jivin,Chatterjee,1995-09-02,35000,co-workers,graduation
560,204,Stuvan,Din,1978-12-31,35000,co-workers,graduation
561,1039,Shanaya,Sridhar,1995-11-20,35000,co-workers,graduation
562,273,Akarsh,Sandal,1986-01-31,35000,co-workers,graduation
563,595,Kiara,Venkataraman,1992-09-04,35000,co-workers,graduation
564,147,Advika,Raval,1972-12-14,35000,co-workers,graduation
565,848,Ishaan,Bhatia,1989-09-13,35000,co-workers,graduation
566,370,Tejas,Ramakrishnan,1971-02-08,35000,co-workers,graduation
567,694,Tiya,Venkatesh,1996-01-05,35000,co-workers,graduation
568,1046,Samar,Sarin,1973-07-15,35000,co-workers,graduation
569,755,Tejas,Chaudhuri,1970-11-08,35000,co-workers,graduation
570,267,Zeeshan,Kunda,1971-04-04,35000,co-workers,graduation
571,1023,Misha,Ganesh,1984-01-04,35000,co-workers,graduation
572,672,Priyansh,Date,1992-03-15,35000,co-workers,graduation
573,656,Fateh,Rajagopal,1986-02-10,35000,co-workers,graduation
574,959,Jayant,Chokshi,1970-09-20,35000,co-workers,graduation
575,690,Himmat,Manda,1991-04-11,35000,co-workers,graduation
576,1110,Rania,Dey,1987-03-29,35000,co-workers,graduation
577,982,Ishita,Basu,1984-12-30,35000,co-workers,graduation
578,757,Keya,Gour,1971-08-15,35000,co-workers,graduation
579,1033,Mahika,Sekhon,1991-09-20,35000,co-workers,graduation
580,1129,Aarush,Ravel,1971-03-12,35000,co-workers,graduation
581,750,Rohan,Tara,1992-08-14,35000,co-workers,graduation
582,1098,Aarush,Borra,1971-08-18,35000,co-workers,graduation
583,195,Alisha,Doshi,1990-01-09,35000,co-workers,graduation
584,244,Yashvi,Buch,1977-08-23,35000,co-workers,graduation
585,965,Prerak,Garde,1980-06-19,35000,co-workers,graduation
586,371,Farhan,Das,1996-06-20,35000,co-workers,graduation
587,895,Anahi,Koshy,1979-12-18,35000,co-workers,graduation
588,1102,Saanvi,Rastogi,1973-07-13,35000,co-workers,graduation
589,428,Ayesha,Chhabra,1978-04-04,35000,co-workers,graduation
590,531,Hridaan,Date,1978-07-15,35000,co-workers,graduation
591,353,Eshani,Korpal,1978-06-07,35000,co-workers,graduation
592,125,Reyansh,Keer,1972-03-30,35000,co-workers,graduation
593,212,Dharmajan,Baral,1996-09-01,35000,co-workers,graduation
594,270,Biju,Bhargava,1971-02-08,35000,co-workers,graduation
595,842,Jivin,Goswami,1974-02-28,35000,co-workers,graduation
596,918,Seher,Bahl,1988-07-15,35000,co-workers,graduation
597,120,Amani,Biswas,1972-10-17,35000,co-workers,graduation
598,668,Jayan,Walia,1976-10-10,35000,co-workers,graduation
599,274,Kiaan,Basak,1971-08-29,35000,co-workers,graduation
600,116,Ryan,Soman,1972-04-08,35000,co-workers,graduation
601,1008,Uthkarsh,Walla,1997-03-01,35000,co-workers,graduation
602,731,Manikya,Wason,1996-01-23,35000,co-workers,graduation
603,746,Jayesh,Basak,1988-07-23,35000,co-workers,graduation
604,296,Yuvraj ,Dhar,1987-12-10,35000,co-workers,graduation
605,1094,Anvi,Bhavsar,1974-01-08,35000,co-workers,graduation
606,1077,Kashvi,Mand,1986-09-03,35000,co-workers,graduation
607,761,Samarth,Wali,1995-04-03,35000,co-workers,graduation
608,1069,Divit,Khare,1988-05-10,35000,co-workers,graduation
609,157,Mehul,Tara,1975-10-03,35000,co-workers,graduation
610,211,Anahita,Chana,1995-02-17,35000,co-workers,graduation
611,723,Shanaya,Chhabra,1990-01-13,35000,co-workers,graduation
612,1186,Stuvan,Kurian,1988-08-21,35000,co-workers,graduation
613,835,Tanya,Sankaran,1982-12-07,35000,co-workers,graduation
614,769,Vihaan,Sami,1976-02-07,35000,co-workers,graduation
615,235,Hazel,Cherian,1977-03-15,35000,co-workers,graduation
616,964,Dharmajan,Madan,1971-12-14,35000,co-workers,graduation
617,1173,Anahi,Krish,1993-07-29,35000,co-workers,graduation
618,227,Fateh,Bajwa,1996-03-03,35000,co-workers,graduation
619,587,Indranil,Toor,1971-12-04,35000,co-workers,graduation
620,947,Zeeshan,Lad,1970-06-26,35000,co-workers,graduation
621,367,Mehul,Singhal,1981-08-28,35000,co-workers,graduation
622,885,Darshit,Kala,1974-02-12,35000,co-workers,graduation
623,816,Dharmajan,Agarwal,1974-05-12,35000,co-workers,graduation
624,530,Sumer,Barad,1975-04-11,35000,co-workers,graduation
625,659,Anahita,Chokshi,1978-02-23,35000,co-workers,graduation
626,350,Ayesha,Bath,1978-10-07,35000,co-workers,graduation
627,818,Dhanush,Wadhwa,1987-11-14,35000,co-workers,graduation
628,295,Aarna,Kara,1970-10-06,35000,co-workers,graduation
629,911,Anvi,Mani,1977-09-20,35000,co-workers,graduation
630,332,Yuvraj ,Reddy,1984-09-02,35000,co-workers,graduation
631,596,Divyansh,Devan,1992-11-20,35000,co-workers,graduation
632,330,Anika,Mangat,1991-08-23,35000,co-workers,graduation
633,434,Onkar,Chad,1990-05-17,35000,co-workers,graduation
634,590,Anaya,Chaudhry,1990-07-01,35000,co-workers,graduation
635,1079,Amira,Anand,1991-09-20,35000,co-workers,graduation
636,1103,Neysa,Bose,1979-11-30,35000,co-workers,graduation
637,484,Piya,Cherian,1979-12-16,35000,co-workers,graduation
638,257,Eshani,Bhargava,1973-04-05,35000,co-workers,graduation
639,487,Shamik,Grover,1986-07-30,35000,co-workers,graduation
640,349,Romil,Agrawal,1974-02-05,35000,co-workers,graduation
641,1130,Jhanvi,Wali,1995-03-24,35000,co-workers,graduation
642,1176,Rati,Keer,1994-06-18,35000,co-workers,graduation
643,578,Tanya,Sarraf,1996-10-31,35000,co-workers,graduation
644,262,Ira,Sahni,1996-11-09,35000,co-workers,graduation
645,1170,Pranay,Bhatti,1978-08-28,35000,co-workers,graduation
646,758,Sara,Konda,1997-04-13,35000,co-workers,graduation
647,316,Yasmin,Bassi,1970-10-11,35000,co-workers,graduation
648,1194,Zoya,Trivedi,1976-08-07,35000,co-workers,graduation
649,464,Pihu,Doshi,1996-09-15,35000,co-workers,graduation
650,394,Rati,Sibal,1980-02-20,35000,co-workers,graduation
651,431,Arhaan,Mangal,1973-03-20,35000,co-workers,graduation
652,302,Pihu,Lata,1975-09-19,35000,co-workers,graduation
653,906,Navya,Saha,1982-04-07,35000,co-workers,graduation
654,834,Neelofar,Agarwal,1988-06-11,35000,co-workers,graduation
655,356,Anahi,Bala,1992-05-07,35000,co-workers,graduation
656,379,Yuvaan,Baral,1984-12-01,35000,co-workers,graduation
657,265,Divij,Borde,1975-06-02,35000,co-workers,graduation
658,560,Ehsaan,Ganesh,1976-08-12,35000,co-workers,graduation
659,327,Kismat,Chaudry,1979-08-30,35000,co-workers,graduation
660,838,Drishya,Agarwal,1996-12-20,35000,co-workers,graduation
661,807,Shaan,Tak,1991-12-12,35000,co-workers,graduation
662,921,Ahana ,Taneja,1986-06-12,35000,co-workers,graduation
663,583,Vihaan,Ramaswamy,1993-05-13,35000,co-workers,graduation
664,1040,Jayant,Gola,1989-02-10,35000,co-workers,graduation
665,840,Yakshit,Ratti,1974-01-14,35000,co-workers,graduation
666,772,Anahita,Vyas,1995-01-27,35000,co-workers,graduation
667,1009,Arhaan,Choudhry,1972-05-30,35000,co-workers,graduation
668,535,Ryan,Dâ€™Alia,1992-10-02,35000,co-workers,graduation
669,863,Nayantara,Kashyap,1983-03-31,35000,co-workers,graduation
670,786,Indrans,Gopal,1996-01-02,35000,co-workers,graduation
671,1012,Jayesh,Garg,1973-04-28,35000,co-workers,graduation
672,733,Dhruv,Sarma,1993-04-30,35000,co-workers,graduation
673,1183,Miraan,Ghosh,1974-03-29,35000,co-workers,graduation
674,1162,Sara,Mammen,1990-12-06,35000,co-workers,graduation
675,466,Nishith,Anne,1973-09-19,35000,co-workers,graduation
676,469,Navya,Krishnan,1995-03-25,35000,co-workers,graduation
677,127,Gatik,Bobal,1971-02-19,35000,co-workers,graduation
678,1113,Mishti,Subramanian,1981-07-03,35000,co-workers,graduation
679,855,Yasmin,Baria,1971-10-14,35000,co-workers,graduation
680,509,Ahana ,Soman,1978-03-26,35000,co-workers,graduation
681,1022,Lagan,Dalal,1986-03-12,35000,co-workers,graduation
682,799,Miraan,Dyal,1984-10-25,35000,co-workers,graduation
683,1155,Vihaan,Datta,1990-02-25,35000,co-workers,graduation
684,900,Saira,Rattan,1978-10-26,35000,co-workers,graduation
685,423,Aarav,Seshadri,1978-03-25,35000,co-workers,graduation
686,687,Pihu,Swamy,1980-06-23,35000,co-workers,graduation
687,1184,Seher,Mander,1977-10-17,35000,co-workers,graduation
688,449,Anahita,Chaudhry,1997-04-05,35000,co-workers,graduation
689,851,Yasmin,Cheema,1987-10-11,35000,co-workers,graduation
690,676,Baiju,Sarna,1990-04-02,35000,co-workers,graduation
691,943,Vaibhav,Viswanathan,1982-12-23,35000,co-workers,graduation
692,284,Fateh,Sandal,1997-03-20,35000,co-workers,graduation
693,234,Amira,Devan,1993-05-03,35000,co-workers,graduation
694,331,Ira,Iyer,1980-03-12,35000,co-workers,graduation
695,191,Piya,Raj,1984-08-03,35000,co-workers,graduation
696,259,Aaryahi,Kashyap,1995-05-23,35000,co-workers,graduation
697,942,Kiara,Behl,1980-01-15,35000,co-workers,graduation
698,360,Dishani,Jha,1991-11-17,35000,co-workers,graduation
699,860,Kabir,Bath,1974-10-30,35000,co-workers,graduation
700,701,Charvi,Kulkarni,1977-03-15,35000,co-workers,graduation
701,347,Tushar,Char,1990-02-04,35000,co-workers,graduation
702,706,Hridaan,Kala,1993-02-27,35000,co-workers,graduation
703,584,Pihu,Konda,1993-06-11,35000,co-workers,graduation
704,901,Parinaaz,Aurora,1973-05-26,35000,co-workers,graduation
705,797,Shayak,Savant,1987-08-18,35000,co-workers,graduation
706,1024,Saanvi,Batra,1990-10-08,35000,co-workers,graduation
707,869,Elakshi,Zacharia,1970-10-23,35000,co-workers,graduation
708,312,Keya,Keer,1972-11-03,35000,co-workers,graduation
709,249,Biju,Seth,1994-02-27,35000,co-workers,graduation
710,358,Urvi,Uppal,1988-01-19,35000,co-workers,graduation
711,628,Anaya,Bassi,1990-05-10,35000,co-workers,graduation
712,543,Samar,Andra,1979-04-02,35000,co-workers,graduation
713,739,Azad,Virk,1994-02-15,35000,co-workers,graduation
714,736,Mehul,Swaminathan,1995-10-10,35000,co-workers,graduation
715,279,Divij,Chawla,1971-08-07,35000,co-workers,graduation
716,997,Kavya,Dara,1993-08-11,35000,co-workers,graduation
717,461,Divyansh,Thaman,1995-05-15,35000,co-workers,graduation
718,702,Yuvraj ,Sharma,1979-03-18,35000,co-workers,graduation
719,871,Trisha,Chowdhury,1996-01-11,35000,co-workers,graduation
720,1027,Vivaan,Baral,1979-11-04,35000,co-workers,graduation
721,773,Renee,Saran,1989-10-16,35000,co-workers,graduation
722,777,Hiran,Kamdar,1974-11-12,35000,co-workers,graduation
723,1018,Renee,Suri,1979-02-16,35000,co-workers,graduation
724,1142,Shlok,Sethi,1992-09-30,35000,co-workers,graduation
725,395,Sana,Bava,1986-10-26,35000,co-workers,graduation
726,403,Zaina,Shere,1986-02-09,35000,co-workers,graduation
727,308,Nehmat,Sachdeva,1989-12-28,35000,co-workers,graduation
728,158,Anahita,Sharaf,1989-04-10,35000,co-workers,graduation
729,695,Ranbir,Mall,1994-10-16,35000,co-workers,graduation
730,988,Ishita,Bandi,1993-12-30,35000,co-workers,graduation
731,1029,Amira,Sarraf,1981-11-28,35000,co-workers,graduation
732,1141,Madhup,Bedi,1984-05-25,35000,co-workers,graduation
733,473,Drishya,Kannan,1985-11-08,35000,co-workers,graduation
734,852,Armaan,Bassi,1996-04-19,35000,co-workers,graduation
735,632,Badal,Bir,1991-05-16,35000,co-workers,graduation
736,462,Biju,Basu,1983-11-02,35000,co-workers,graduation
737,1128,Diya,Krishnan,1987-11-01,35000,co-workers,graduation
738,229,Advika,Sunder,1972-05-07,35000,co-workers,graduation
739,534,Hunar,Kibe,1988-10-23,35000,co-workers,graduation
740,1095,Bhavin,Dasgupta,1994-06-04,35000,co-workers,graduation
741,830,Damini,Kala,1978-03-15,35000,co-workers,graduation
742,183,Vivaan,Balay,1994-10-21,35000,co-workers,graduation
743,1111,Nayantara,Ratti,1984-06-22,35000,co-workers,graduation
744,1017,Uthkarsh,Trivedi,1976-11-21,35000,co-workers,graduation
745,328,Elakshi,Chadha,1982-08-12,35000,co-workers,graduation
746,1101,Pari,Dalal,1995-09-08,35000,co-workers,graduation
747,1133,Amira,Raman,1974-04-26,35000,co-workers,graduation
748,567,Shanaya,Kumer,1982-10-23,35000,co-workers,graduation
749,502,Dishani,Chatterjee,1976-12-29,35000,co-workers,graduation
750,117,Dhruv,Mann,1997-05-11,35000,co-workers,graduation
751,705,Ranbir,Edwin,1993-11-12,35000,co-workers,graduation
752,1054,Samaira,Wadhwa,1985-02-09,35000,co-workers,graduation
753,1019,Aniruddh,Kalla,1996-10-10,35000,co-workers,graduation
754,814,Raghav,Brahmbhatt,1980-08-13,35000,co-workers,graduation
755,682,Anay,Salvi,1972-10-08,35000,co-workers,graduation
756,651,Advika,Borde,1989-02-03,35000,co-workers,graduation
757,121,Keya,Sandal,1989-02-01,35000,co-workers,graduation
758,450,Riya,Rajagopalan,1994-08-15,35000,co-workers,graduation
759,1174,Aarush,Saini,1976-06-07,35000,co-workers,graduation
760,930,Mehul,Sachar,1984-08-29,35000,co-workers,graduation
761,1157,Hiran,Hayre,1989-06-28,35000,co-workers,graduation
762,416,Raghav,Rattan,1995-06-19,35000,co-workers,graduation
763,1030,Reyansh,Jaggi,1990-09-07,35000,co-workers,graduation
764,953,Samarth,Sridhar,1987-03-29,35000,co-workers,graduation
765,435,Himmat,Arya,1990-05-25,35000,co-workers,graduation
766,197,Manjari,Butala,1981-08-04,35000,co-workers,graduation
767,544,Keya,Sridhar,1990-12-28,35000,co-workers,graduation
768,879,Tejas,Bera,1982-04-19,35000,co-workers,graduation
769,1016,Jayan,Chaudhry,1985-07-02,35000,co-workers,graduation
770,780,Jhanvi,Venkatesh,1978-05-19,35000,co-workers,graduation
771,725,Oorja,Gill,1988-04-09,35000,co-workers,graduation
772,899,Zara,Grover,1989-10-17,35000,co-workers,graduation
773,555,Lavanya,Golla,1973-11-12,35000,co-workers,graduation
774,453,Ela,Krishna,1986-12-18,35000,co-workers,graduation
775,319,Anahi,Dubey,1983-06-28,35000,co-workers,graduation
776,633,Shaan,Vala,1987-11-12,35000,co-workers,graduation
777,163,Eva,Chacko,1974-04-09,35000,co-workers,graduation
778,598,Neysa,Chandran,1978-09-26,35000,co-workers,graduation
779,476,Tarini,Chandran,1972-01-18,35000,co-workers,graduation
780,873,Ivan,Kumar,1986-05-09,35000,co-workers,graduation
781,475,Pranay,Sathe,1971-08-04,35000,co-workers,graduation
782,748,Emir,Rama,1990-04-22,35000,co-workers,graduation
783,359,Ryan,Sundaram,1989-05-05,35000,co-workers,graduation
784,388,Rohan,Sastry,1973-04-11,35000,co-workers,graduation
785,422,Yasmin,Tara,1976-03-10,35000,co-workers,graduation
786,588,Adah,Vala,1979-08-04,35000,co-workers,graduation
787,126,Sahil,Garde,1994-08-25,35000,co-workers,graduation
788,268,Madhup,Lalla,1992-06-24,35000,co-workers,graduation
789,417,Onkar,Sood,1982-08-23,35000,co-workers,graduation
790,287,Anahita,Kalla,1996-12-05,35000,co-workers,graduation
791,726,Shanaya,Chowdhury,1983-07-03,35000,co-workers,graduation
792,811,Kashvi,Chaudhary,1975-05-24,35000,co-workers,graduation
793,762,Lagan,Gade,1994-10-04,35000,co-workers,graduation
794,1149,Anvi,Bajwa,1984-09-06,35000,co-workers,graduation
795,1042,Sana,Roy,1993-06-05,35000,co-workers,graduation
796,226,Pari,Raval,1979-07-15,35000,co-workers,graduation
797,1195,Madhav,Sankar,1983-03-12,35000,co-workers,graduation
798,304,Nishith,Tara,1983-11-30,35000,co-workers,graduation
799,1051,Tara,Dey,1990-09-17,35000,co-workers,graduation
800,551,Lavanya,Shenoy,1976-05-15,35000,co-workers,graduation
801,1107,Vihaan,Buch,1974-11-24,35000,co-workers,graduation
802,934,Umang,Sane,1979-07-11,35000,co-workers,graduation
803,1161,Jayesh,Kala,1992-08-31,35000,co-workers,graduation
804,803,Kanav,Kalita,1995-10-25,35000,co-workers,graduation
805,1080,Ela,Balan,1995-05-27,35000,co-workers,graduation
806,989,Prisha,Subramaniam,1989-08-04,35000,co-workers,graduation
807,539,Aniruddh,Sha,1976-02-04,35000,co-workers,graduation
808,310,Neelofar,Doctor,1989-12-16,35000,co-workers,graduation
809,1072,Ivan,Kata,1971-09-14,35000,co-workers,graduation
810,446,Hiran,Wable,1991-12-12,90000,maneger,MBA
811,646,Vivaan,Jayaraman,1972-08-02,90000,maneger,MBA
812,1168,Saksham,Bir,1973-08-22,90000,maneger,MBA
813,897,Tanya,Seth,1970-09-07,90000,maneger,MBA
814,263,Saira,Sabharwal,1982-03-10,90000,maneger,MBA
815,285,Kaira,Aggarwal,1996-01-11,30000,driver,Not required
816,846,Saira,Iyer,1973-05-04,30000,driver,Not required
817,641,Arnav,Ramakrishnan,1972-04-11,30000,driver,Not required
818,140,Indrajit,Madan,1986-10-14,30000,driver,Not required
819,545,Priyansh,Tella,1988-09-08,30000,driver,Not required
820,144,Vedika,Vasa,1983-12-19,30000,driver,Not required
821,950,Jiya,Srinivasan,1971-10-12,30000,driver,Not required
822,510,Aaina,Chandran,1974-03-29,30000,driver,Not required
823,521,Rasha,Gokhale,1975-09-16,30000,driver,Not required
824,412,Rasha,Sura,1978-05-05,30000,driver,Not required
825,1148,Rohan,Dua,1994-01-22,30000,driver,Not required
826,1193,Shalv,Hora,1980-12-11,30000,driver,Not required
827,836,Saksham,Chandra,1985-02-10,30000,driver,Not required
828,626,Ayesha,Seth,1993-12-27,30000,driver,Not required
829,354,Gatik,Krishnamurthy,1987-10-16,30000,driver,Not required
830,1159,Vardaniya,Gole,1979-04-07,30000,driver,Not required
831,904,Zeeshan,Bera,1977-07-17,30000,driver,Not required
832,139,Anvi,Verma,1989-10-17,30000,driver,Not required
833,952,Eshani,Bahri,1971-03-04,30000,driver,Not required
834,928,Purab,Deshmukh,1985-05-30,30000,driver,Not required
835,1096,Shalv,Majumdar,1990-08-23,30000,driver,Not required
836,1136,Riaan,Bhasin,1991-03-07,30000,driver,Not required
837,554,Zain,Kaul,1980-06-16,30000,driver,Not required
838,1182,Biju,Wason,1994-05-16,30000,driver,Not required
839,408,Nitya,Thaman,1991-06-28,30000,driver,Not required
840,589,Drishya,Warrior,1973-01-29,30000,driver,Not required
841,291,Zeeshan,Bala,1991-11-13,30000,driver,Not required
842,844,Drishya,Bumb,1992-02-07,30000,driver,Not required
843,573,Myra,Gupta,1983-05-18,30000,driver,Not required
844,142,Piya,Malhotra,1987-07-31,30000,driver,Not required
845,524,Tejas,Jani,1973-04-24,30000,driver,Not required
846,655,Shamik,Doctor,1970-08-30,30000,driver,Not required
847,213,Keya,Johal,1972-10-28,30000,driver,Not required
848,529,Nirvi,Kapur,1975-03-12,30000,driver,Not required
849,533,Miraan,Bera,1981-06-26,30000,driver,Not required
850,669,Pari,Barad,1992-01-27,30000,driver,Not required
851,115,Jhanvi,Sachdeva,1973-11-11,30000,driver,Not required
852,753,Adira,Johal,1987-01-22,30000,driver,Not required
853,738,Reyansh,Chaudry,1991-09-05,30000,driver,Not required
854,737,Jhanvi,Zacharia,1980-11-24,30000,driver,Not required
855,1056,Mannat,Saha,1987-12-03,30000,driver,Not required
856,561,Ira,Deep,1989-06-30,30000,driver,Not required
857,1032,Priyansh,Devi,1997-06-08,30000,driver,Not required
858,944,Hrishita,Ravi,1974-09-28,30000,driver,Not required
859,917,Nehmat,Ratti,1993-09-17,30000,driver,Not required
860,317,Taran,Krishnamurthy,1988-06-05,30000,driver,Not required
861,196,Lakshit,Chand,1983-06-10,30000,driver,Not required
862,264,Tara,Dhawan,1989-09-29,30000,driver,Not required
863,369,Raunak,Ahluwalia,1991-01-15,30000,driver,Not required
864,886,Yuvraj ,Karan,1971-05-15,30000,driver,Not required
865,224,Bhavin,Walla,1990-05-22,30000,driver,Not required
866,335,Jayan,Sarin,1979-01-16,30000,driver,Not required
867,909,Adira,Wason,1981-10-13,30000,driver,Not required
868,396,Tanya,Zacharia,1973-04-09,30000,driver,Not required
869,820,Ojas,Ramanathan,1975-03-15,30000,driver,Not required
870,693,Taimur,Sura,1996-04-23,30000,driver,Not required
871,442,Dhanush,Sanghvi,1978-09-20,30000,driver,Not required
872,216,Manjari,Sampath,1986-08-03,30000,driver,Not required
873,439,Onkar,Bala,1986-11-06,30000,driver,Not required
874,320,Saira,Bains,1985-10-26,30000,driver,Not required
875,599,Emir,Sur,1983-04-27,30000,driver,Not required
876,418,Vihaan,Sood,1996-04-18,30000,driver,Not required
877,421,Jivika,Soman,1971-10-09,30000,driver,Not required
878,169,Keya,Bedi,1996-11-27,30000,driver,Not required
879,601,Ishaan,Kannan,1982-10-13,30000,driver,Not required
880,876,Zeeshan,Chahal,1974-04-06,30000,driver,Not required
881,1175,Mannat,Bhasin,1984-04-13,30000,driver,Not required
882,1121,Yakshit,Aurora,1980-03-31,30000,driver,Not required
883,301,Urvi,Gulati,1982-01-20,30000,driver,Not required
884,572,Aarush,Rajagopalan,1982-06-04,30000,driver,Not required
885,709,Kimaya,Kalita,1993-02-20,30000,driver,Not required
886,826,Anay,Thaman,1985-09-12,30000,driver,Not required
887,391,Tiya,Barman,1971-08-17,30000,driver,Not required
888,518,Kaira,Tandon,1992-08-17,30000,driver,Not required
889,374,Adira,Ramesh,1972-06-30,30000,driver,Not required
890,1171,Jayant,Hora,1971-03-31,30000,driver,Not required
891,410,Ira,Ravel,1971-02-12,30000,driver,Not required
892,152,Heer,Char,1981-08-15,30000,driver,Not required
893,185,Tushar,Roy,1997-03-27,30000,driver,Not required
894,639,Advika,Seshadri,1995-09-10,30000,driver,Not required
895,681,Diya,Vohra,1979-11-09,30000,driver,Not required
896,597,Kiaan,Madan,1992-03-06,30000,driver,Not required
897,113,Arnav,Ramaswamy,1989-02-26,30000,driver,Not required
898,971,Jayesh,Seshadri,1996-01-07,30000,driver,Not required
899,591,Armaan,Garg,1971-10-18,30000,driver,Not required
900,1156,Ishita,Ramesh,1975-06-13,30000,driver,Not required
901,552,Dhanush,Balay,1977-10-14,30000,driver,Not required
902,896,Ryan,Varty,1978-01-01,30000,driver,Not required
903,315,Aniruddh,Suresh,1971-10-16,30000,driver,Not required
904,1005,Rania,Gara,1991-12-10,30000,driver,Not required
905,202,Adah,Rattan,1975-03-03,30000,driver,Not required
906,153,Veer,Grewal,1976-01-13,30000,driver,Not required
907,754,Madhav,Gandhi,1977-09-02,30000,driver,Not required
908,924,Eshani,Andra,1994-12-28,30000,driver,Not required
909,1067,Kashvi,Swamy,1970-06-20,30000,driver,Not required
910,657,Keya,Bose,1982-09-11,25000,helper,Not required
911,297,Arhaan,Tripathi,1983-02-02,25000,helper,Not required
912,722,Bhamini,Sethi,1996-11-29,25000,helper,Not required
913,1015,Elakshi,Dey,1982-06-28,25000,helper,Not required
914,697,Fateh,Gandhi,1987-02-12,25000,helper,Not required
915,1021,Ira,Anne,1995-11-25,25000,helper,Not required
916,649,Reyansh,Saran,1983-11-04,25000,helper,Not required
917,575,Kismat,Dhaliwal,1990-02-01,25000,helper,Not required
918,1084,Aradhya,Bhakta,1987-08-14,25000,helper,Not required
919,245,Divyansh,Kala,1977-01-25,25000,helper,Not required
920,570,Yuvraj ,Contractor,1990-08-08,25000,helper,Not required
921,112,Lakshay,Chaudhry,1985-04-11,25000,helper,Not required
922,447,Divyansh,Vaidya,1984-10-10,25000,helper,Not required
923,486,Sana,Tailor,1975-09-17,25000,helper,Not required
924,832,Tejas,Suresh,1994-09-20,25000,helper,Not required
925,1003,Kartik,Garg,1977-03-08,25000,helper,Not required
926,1099,Advika,Date,1986-07-14,25000,helper,Not required
927,594,Taimur,Viswanathan,1986-08-19,25000,helper,Not required
928,1088,Pari,Loke,1995-12-31,25000,helper,Not required
929,712,Zain,Golla,1993-02-11,25000,helper,Not required
930,253,Shanaya,Loke,1979-11-11,25000,helper,Not required
931,1047,Amani,Vala,1974-04-20,25000,helper,Not required
932,507,Anahita,Ganesan,1984-10-21,25000,helper,Not required
933,718,Arhaan,Bhargava,1976-06-27,25000,helper,Not required
934,160,Shanaya,Suri,1997-03-08,25000,helper,Not required
935,680,Raghav,Ganguly,1988-09-01,25000,helper,Not required
936,341,Samar,Sridhar,1994-12-13,25000,helper,Not required
937,566,Oorja,Barad,1993-02-20,25000,helper,Not required
938,248,Dhruv,Sridhar,1982-02-25,25000,helper,Not required
939,611,Vidur,Hegde,1995-06-13,25000,helper,Not required
940,1093,Veer,Kibe,1987-07-14,25000,helper,Not required
941,747,Samar,Kannan,1988-05-31,25000,helper,Not required
942,951,Parinaaz,Magar,1988-05-26,25000,helper,Not required
943,282,Aaryahi,Din,1980-06-05,25000,helper,Not required
944,935,Suhana,Varkey,1994-11-06,25000,helper,Not required
945,805,Adira,Ratti,1989-10-21,25000,helper,Not required
946,445,Ishita,Kari,1993-11-05,25000,helper,Not required
947,870,Pihu,Sarraf,1988-03-03,25000,helper,Not required
948,1134,Lavanya,Rau,1989-10-29,25000,helper,Not required
949,419,Lakshit,Devan,1988-02-06,25000,helper,Not required
950,135,Zoya,Sachdev,1982-01-07,25000,helper,Not required
951,586,Yasmin,Badami,1988-03-06,25000,helper,Not required
952,217,Mannat,Randhawa,1995-12-02,25000,helper,Not required
953,459,Aayush,Chacko,1996-12-29,25000,helper,Not required
954,711,Hansh,Sharma,1986-06-30,25000,helper,Not required
955,882,Pihu,Issac,1990-03-08,25000,helper,Not required
956,745,Tarini,Ahuja,1975-01-10,25000,helper,Not required
957,715,Vanya,Bhatnagar,1995-06-14,25000,helper,Not required
958,949,Saksham,Chaudhary,1983-12-20,25000,helper,Not required
959,802,Manjari,Ghosh,1978-06-05,25000,helper,Not required
960,174,Urvi,Sinha,1995-07-23,25000,helper,Not required
961,973,Ehsaan,Solanki,1975-09-30,25000,helper,Not required
962,571,Nishith,Yohannan,1993-12-16,25000,helper,Not required
963,783,Priyansh,Dhawan,1977-11-15,25000,helper,Not required
964,945,Misha,Gole,1981-01-29,25000,helper,Not required
965,625,Aarav,Sachdev,1988-07-12,25000,helper,Not required
966,808,Samar,Goyal,1984-11-17,25000,helper,Not required
967,344,Jayan,Mahal,1980-11-03,25000,helper,Not required
968,389,Hunar,Mand,1994-02-14,25000,helper,Not required
969,793,Sara,Kohli,1972-01-10,25000,helper,Not required
970,647,Vanya,Bose,1982-07-18,25000,helper,Not required
971,1132,Shamik,Shanker,1989-10-04,25000,helper,Not required
972,1172,Hunar,Baral,1989-08-17,25000,helper,Not required
973,914,Anaya,Mandal,1971-04-08,25000,helper,Not required
974,1178,Prerak,Issac,1973-12-19,25000,helper,Not required
975,288,Vanya,Sane,1985-01-16,25000,helper,Not required
976,629,Mamooty,Sant,1988-05-28,25000,helper,Not required
977,977,Krish,Bhagat,1976-11-12,25000,helper,Not required
978,303,Fateh,Deol,1987-07-22,25000,helper,Not required
979,1038,Manikya,Chopra,1989-01-04,25000,helper,Not required
980,272,Ivana,Sekhon,1984-04-09,25000,helper,Not required
981,1126,Pranay,Krishnan,1982-08-05,25000,helper,Not required
982,1044,Rohan,Rau,1973-01-05,25000,helper,Not required
983,252,Dhanuk,Shetty,1978-01-20,25000,helper,Not required
984,352,Dharmajan,Acharya,1977-03-05,25000,helper,Not required
985,275,Madhup,Kale,1984-08-19,25000,helper,Not required
986,233,Neysa,Agate,1989-11-09,25000,helper,Not required
987,541,Sumer,Soni,1996-08-10,25000,helper,Not required
988,103,Eva,Sankaran,1978-04-03,25000,helper,Not required
989,902,Rania,Sem,1995-02-14,25000,helper,Not required
990,1091,Aayush,Mann,1985-02-06,25000,helper,Not required
991,828,Drishya,Sem,1984-04-28,25000,helper,Not required
992,1097,Seher,Kari,1989-06-08,25000,helper,Not required
993,744,Tara,Shere,1980-02-14,25000,helper,Not required
994,874,Stuvan,Samra,1988-03-18,25000,helper,Not required
995,829,Faiyaz,Mahal,1973-11-23,25000,helper,Not required
996,155,Piya,Suri,1993-12-17,25000,helper,Not required
997,640,Veer,Upadhyay,1971-06-18,25000,helper,Not required
998,660,Tushar,Wali,1973-06-12,25000,helper,Not required
999,314,Nishith,Johal,1989-10-04,25000,helper,Not required
1000,381,Vedika,Handa,1973-04-23,25000,helper,Not required
1001,592,Shray,Kurian,1979-06-28,25000,helper,Not required
1002,343,Neysa,Boase,1974-06-12,25000,helper,Not required
1003,961,Aradhya,Jha,1981-10-29,25000,helper,Not required
1004,684,Ahana ,Dhingra,1981-11-22,25000,helper,Not required
1005,614,Nitara,Choudhary,1980-05-28,75000,mechanical engineering,B.tech
1006,299,Raunak,Thaker,1985-04-22,75000,mechanical engineering,B.tech
1007,338,Suhana,Vala,1985-07-16,75000,mechanical engineering,B.tech
1008,962,Faiyaz,Halder,1982-10-18,75000,mechanical engineering,B.tech
1009,300,Alia,Dara,1996-10-03,75000,mechanical engineering,B.tech
1010,728,Jayesh,Hans,1990-10-13,75000,mechanical engineering,B.tech
1011,665,Aayush,Sheth,1997-01-25,75000,mechanical engineering,B.tech
1012,796,Raunak,Bhatt,1991-09-16,75000,mechanical engineering,B.tech
1013,1190,Inaaya ,Malhotra,1973-03-08,75000,mechanical engineering,B.tech
1014,1192,Kashvi,Sekhon,1983-12-18,75000,mechanical engineering,B.tech
1015,492,Kismat,Mani,1985-06-30,75000,mechanical engineering,B.tech
1016,182,Gatik,Chahal,1980-04-26,75000,mechanical engineering,B.tech
1017,883,Jiya,Ramakrishnan,1996-10-16,75000,mechanical engineering,B.tech
1018,603,Chirag,Ravel,1994-07-22,75000,mechanical engineering,B.tech
1019,516,Neysa,Dora,1982-03-14,75000,mechanical engineering,B.tech
1020,1154,Yuvraj ,Madan,1971-10-11,75000,mechanical engineering,B.tech
1021,386,Tushar,Sachdeva,1984-05-12,75000,mechanical engineering,B.tech
1022,673,Ayesha,Soman,1990-10-03,75000,mechanical engineering,B.tech
1023,582,Biju,Yogi,1970-09-25,75000,mechanical engineering,B.tech
1024,933,Arnav,Ganguly,1994-06-16,75000,mechanical engineering,B.tech
1025,998,Suhana,Dyal,1994-07-18,75000,mechanical engineering,B.tech
1026,378,Aarna,Shetty,1978-11-25,75000,mechanical engineering,B.tech
1027,194,Vivaan,Koshy,1982-03-17,75000,mechanical engineering,B.tech
1028,837,Bhavin,Gola,1986-08-06,75000,mechanical engineering,B.tech
1029,198,Taimur,Gulati,1994-03-14,75000,mechanical engineering,B.tech
1030,214,Abram,Sarkar,1977-05-31,75000,mechanical engineering,B.tech
1031,255,Indrajit,Sarma,1982-02-13,75000,mechanical engineering,B.tech
1032,751,Indranil,Tailor,1975-03-04,75000,mechanical engineering,B.tech
1033,984,Abram,Sani,1976-05-02,75000,mechanical engineering,B.tech
1034,452,Ivana,Chandran,1995-11-21,75000,mechanical engineering,B.tech
1035,563,Adira,Walla,1992-06-19,27000,security,Not required
1036,375,Arnav,Dube,1971-08-14,27000,security,Not required
1037,859,Zara,Yohannan,1993-10-21,27000,security,Not required
1038,938,Aniruddh,Raman,1979-07-06,27000,security,Not required
1039,579,Kashvi,Shah,1981-12-08,27000,security,Not required
1040,559,Shamik,Choudhary,1997-02-17,27000,security,Not required
1041,108,Abram,Randhawa,1988-08-21,27000,security,Not required
1042,456,Drishya,Loke,1979-09-28,27000,security,Not required
1043,511,Charvi,Jayaraman,1989-01-03,27000,security,Not required
1044,624,Lavanya,Ganguly,1983-06-22,27000,security,Not required
1045,318,Drishya,Borra,1978-02-09,27000,security,Not required
1046,150,Oorja,Goda,1995-08-29,27000,security,Not required
1047,593,Arnav,Soman,1975-06-18,27000,security,Not required
1048,1026,Vedika,Gole,1977-08-05,27000,security,Not required
1049,789,Indrajit,Bandi,1985-09-14,27000,security,Not required
1050,238,Anya,Behl,1983-05-25,27000,security,Not required
1051,1059,Aaryahi,Bhavsar,1984-09-24,27000,security,Not required
1052,1083,Ojas,Bir,1989-11-10,27000,security,Not required
1053,839,Adira,Basak,1996-10-03,27000,security,Not required
1054,939,Vaibhav,Johal,1980-02-19,27000,security,Not required
1055,1055,Piya,Tiwari,1986-08-26,27000,security,Not required
1056,114,Urvi,Deshpande,1993-04-13,27000,security,Not required
1057,1109,Lakshit,Sachdev,1993-10-02,27000,security,Not required
1058,565,Miraya,Tailor,1989-01-04,27000,security,Not required
1059,205,Samiha,Reddy,1995-09-11,27000,security,Not required
1060,363,Sana,Dalal,1980-05-14,27000,security,Not required
1061,398,Keya,Mahal,1975-07-05,27000,security,Not required
1062,444,Alia,Bhalla,1983-02-10,27000,security,Not required
1063,1125,Piya,Mand,1986-07-28,27000,security,Not required
1064,426,Zain,Kumar,1992-10-16,27000,security,Not required
1065,485,Miraya,Vohra,1982-04-08,27000,security,Not required
1066,399,Tarini,Solanki,1975-03-01,27000,security,Not required
1067,405,Priyansh,Tiwari,1972-08-16,27000,security,Not required
1068,508,Onkar,Bhandari,1991-04-20,27000,security,Not required
1069,215,Neysa,Ghose,1982-06-05,27000,security,Not required
1070,631,Kanav,Kaul,1979-08-08,27000,security,Not required
1071,168,Seher,Bhagat,1991-12-30,27000,security,Not required
1072,345,Anay,Bhagat,1995-02-05,27000,security,Not required
1073,929,Gokul,Bahri,1995-09-06,27000,security,Not required
1074,189,Keya,Bala,1972-11-28,27000,security,Not required
1075,109,Biju,Badal,1972-02-09,27000,security,Not required
1076,742,Advik,Basu,1991-11-09,27000,security,Not required
1077,167,Drishya,Wali,1993-03-06,27000,security,Not required
1078,1089,Amira,Kumar,1988-04-25,27000,security,Not required
1079,281,Rohan,Kumar,1991-02-04,27000,security,Not required
1080,825,Parinaaz,Sem,1984-03-22,4000,technical,B.tech or BCA
1081,907,Devansh,Dar,1986-02-02,4000,technical,B.tech or BCA
1082,1100,Sara,Sehgal,1975-01-03,4000,technical,B.tech or BCA
1083,1001,Navya,Bhagat,1972-06-28,4000,technical,B.tech or BCA
1084,557,Mannat,Bala,1977-08-21,4000,technical,B.tech or BCA
1085,438,Anika,Sampath,1979-11-29,4000,technical,B.tech or BCA
1086,564,Tiya,Das,1995-08-02,4000,technical,B.tech or BCA
1087,894,Mahika,Venkataraman,1989-09-03,4000,technical,B.tech or BCA
1088,210,Tanya,Bail,1983-06-20,4000,technical,B.tech or BCA
1089,1002,Tarini,Ramachandran,1978-05-15,4000,technical,B.tech or BCA
1090,474,Shray,Kakar,1975-12-30,4000,technical,B.tech or BCA
1091,1007,Pari,Jhaveri,1996-02-22,4000,technical,B.tech or BCA
1092,767,Azad,Bajwa,1974-09-01,4000,technical,B.tech or BCA
1093,734,Dharmajan,Garg,1988-05-12,4000,technical,B.tech or BCA
1094,936,Shray,Varma,1987-07-31,4000,technical,B.tech or BCA
